Sentiment;TweetID;TweetText
positive;399249;"É O JACKI CHAN !!! RT @user ESSE É DOS MEUS!!! HAHAHAHAHAHAH ~http  @user; assiste; recomendo!"
negative;387155;Eras o samsung galaxy tab e muito lerdo para twitar
negative;205458;"Dizem que a coisa mais triste que o homem enfrentará;é o que poderia ter sido..."
negative;2054404;"RAIVA vou ter que ir com meu nike dinovo pra escola ; minha mãe lavou meu all star"
positive;1726312;QUE LEGAL!  Brasil ganha prêmio nas olimpíadas de tecnologia da Microsoft em ~http 
negative;590731;Duvida cruel! Shift+Del no Infinite Stratos ou devo gastar um DVD-R com esta porcaria?
positive;1182964;Esse final tem outra etapa do circuito adidas ... vamos que vamos ...
positive;325476;"Paulinhoo'Loopes o famoso Brankelo da Nike #TeAmo mto meo brankelo ;$ irmãozinho do conceito + gatoo &lt;3"
positive;431063;Parabéns!! RT: @user Alphaville SJC é nosso! Vamos fazer a campanha de incentivo. A campanha de mercado ficou com a Eugênio.
negative;891097;"É gente; agora a Sony vai acabar de ser estuprada mesmo."
negative;678739;"QUE ISSO GALERAAAA; TIMINHO DE MERDA QUE NUM ACEITA PERDER; QUE ISSO o0 cade a policia pra apartar isso velho. #tomanocú"
positive;48427;"#feriadoébompara ANDAR NA PRAIA; JÁ FUIIIIIIIIIIII"
negative;590470;"Ele é casado e eu sou a outra; Na vida dele; Que vive qual uma brasa; Por lhe faltar Tudo em casa.#mariabethânia#"
negative;615157;eu ja estourava minhas contas normalmente! Eu nao quero pensar em como vai vir! medo!
positive;1112309;Eu quero ganhar o mouse sem fio da Microsoft que o @user está sorteando - ~http  #PromoSD
positive;270471;Acabei de lembrar da festa linda do @user a base de valesca.  Final dos tempos . kkkk
positive;1773341;AGORA EU ACHO QUE O RONALDINHO VAI JOGAR A BOLA É DA NIKE !!!
negative;1231080;"O bing é um ""buscador""?? A única coisa que ele acha é o Google!!!"
positive;570207;Amar não  e pecado!!# LUAN SANTANA SUCESSO
positive;223652;"Haha; o engraçado é que por enquanto quem tem mais cupons; dos que cliquei; sou eu!!!"
positive;404410;Quem nunca jogou Mario no Super Nintendo não sabe o que é se divertir pisando nos outros!
negative;322887;"QUERO VÊ QUAL VAI SER A PROXIMA MENTIRA QUE VAI ROLA AKI ; PRA TENTAREM GANHAR MAIS FOLLOWERS =/"
negative;449063;"ultima semana de ferias; FUDEU"
negative;2466454;Eufenismo Paris Hilton .. para que te quero ?
positive;2169460;eu ganhei um celular novo w20 sony ericson
positive;874519;DICA DO DIA: #RENDAS!! Blusa verde com detalhe em renda preta!!! #maravilhosa!!!! ~http 
negative;178072;q vontade de sumir...to completamente sem rumo...sem direção...sem saber o q fazer... =[
negative;1493277;Vou comprar um Nike colorido em maio o meu Freeday ta ficando zuado :S
negative;18560;"Meeeeeeeeeeu Deus ; como ta friiiiiiiiiio :s"
negative;625307;está a cada dia mais dificil segurar isso em minhas mãos' #pesado
negative;262661;tem gente que nao muda ! mai tu é mto fidiputa msm viu ..
negative;1248335;Será uma estratégia da microsoft para promover seu buscador novo... subordinou um cara da google q fez dar pau em td! #conspirações
negative;1539833;"cada um que me aparece; o muleke colocou no FACEBOOK; NIKE SHOX PAH' (H).           --'"
positive;879897;Vander show o menino tem futuro pra cima deles MENGAO
positive;689529;jah baixei jogo de super nintendo rsrs #classico rsrss agora vou tomar banho  e ver a @user meu amoor linda te amoo
negative;2109070;hackearam cartões na psn? se fosse eu os usava pra comprar vários wii e xbox360 e mandava entregar pro ceo da sony nos eua
positive;279141;Photo: › “Não deixe que os seus medos tomem o lugar dos seus sonhos.” › › Walt Disney ~http 
negative;251718;"sempre fui comportada; mais agora estou pensando que se dane (8)"
positive;192896;Cara... E se eu disser que eu to com o meu Super Nintendo aqui do meu lado? SPARKSTER TIME.
negative;694468;Eu considero um pecado da Sony estar lançando esse álbum Póstumo do MJ. Qual o próximo passo? Abrir o seu túmulo para ele gravar um clipe?
negative;174537;"aiiiii; que demora pro meu amor chegar!!"
positive;1363624;Preparando para segunda feira... Evento Microsoft - Serviço mais Software especial AZURE!!! Microsoft São Paulo.
negative;687491;frozinho chato :~
negative;660520;"Ou eu assisto essas danadas; ou assisto as aula de matemática aplicada também conhecida como incentivo ao suicídio. Ou seja."
positive;1115168;"Aí; bem que o Fernandão poderia vir pro Inter pra se aposentar e fazer a despedida contra o Barcelona na Audi Cup. Seria uma boa."
negative;507428;"foi só eu ou o juiz hj deu uma forcinha de novo??? Fágner era claramente para ter sido expulso; além de um penal não marcado no Dinei!"
negative;5843;Aff na escola agora com #alana# esta um saco
positive;716470;"Tempo de hoje...00:51:08...melhor tempo que já fiz nos 10km da Adidas dedicado a Xuxinha;"
negative;686400;"Meu msn tah uma merd@; nem vou me estressar!!!"
positive;23858;"FLAMENGO X FIGUEIRENSE ; Hojeee !"
positive;155974;Assistindo justin BiBa 2 eu nao me canso de ver os videos do @user
positive;2105036;too mega feliz ganhei meu nike 6.0 hj :)
positive;161214;"Hoje passei o intervalo inteirinho com a @user ! &gt;.&lt;"
positive;73388;"Oi galera; hoje nossa turma se superou e mostrou seu talento né; q isso; estamos de parabéns amigos! hahaha :D"
positive;261185;SamueL falando que eu faço mt falta! cute *-* &+ disse que essa música ele ouve e lembra de mim.. ~http 
positive;409286;"#tafalado! @user É que esse encontro no #Melhoresdoano ; é MUITO LEGAL! O tio gosta de ver artista. #prontofalei"
negative;2373711;"Meu; batata que a paris hilton é de plástico; ela veio de alguma fábrica da mattel! ~http"
positive;858190;Finalmente lembreei di carrega a bateria do meu nintendo ds ixl hsuahsua mó cota ki num jogo
positive;396209;"sonhos se realizam: Será que a Nike finalmente vai lançar o tênis q se amarra sozinho; aquele do McFly?  ~http  via @user"
negative;550573;bando de inutil nao sabem em q esse guri ninca vai da bola pra vcs unica coisa em q eu digo é q vo ri muito quando vcs chorarem por ele
negative;2534552;Paris Hilton = Chiclete de bola + cartão de crédito
negative;1229541;"mais uma vez levei o MP3 w202 da Sony para a assistência técnica na data de ontem; dia 23/08. Vamos ver quanto tempo levará até a devolução."
positive;147680;Bomm q somos so nos duas as chances sao maiores do q se fosse com 10 meninas @user
positive;1182963;Fiquei satisfeito com o resultado da última etapa do circuito Adidas 2010... 55 Minutos e 40 Segundos ...
negative;1091133;KKKKKKKKK O PESSOAL DA SONY COLOCO VMB KKKKKKK BANDO DE BURROS
negative;300754;ah que saudade do meu neném :(
positive;810679;“Eu quero almoçar na companhia de @user”255
negative;400268;"foda-se vc microsoft foda-se vc biiilll gates; morre diabo."
positive;502670;Vontade de jogar Super Nintendo =p
positive;7430;“Eu quero conquistar a minha independência digital com o Samsung Star que o @user está sorteando ~http 
positive;136387;BONCHI BONCHI BOM BOM BOM... kkkk #momentoretardada
negative;1061585;"tava la no @user fumando narguile e bem na hora que a gente ia começar a jogar nintendo e mãe pediu pra eu ir pra casa; que merda :/"
negative;765723;"Leo Moura é o meu saco; esse merda nao fez 1 jogada certa."
negative;587799;A Lady Gaga #queimouseufilme ao ir vestida de bife no MTV Awards sendo que existe um monte de gente que ainda passa fome no mundo.
positive;551384;Salvei uma pessoa de ter câncer de pulmão.. faça vc também a sua parte! =D
positive;848044;"Guerreiroo ; Guerreiroo ; Guerreiroo ; TIME DE GUERREIRO !"
positive;521844;obrigado @user
positive;1757371;"vo jogar meu super nintendo HAHA ; é velho mais é o melhor"
positive;80262;"Oiee gentee ;acabei de chegaa da fazendaa; muitoo bom =DD carnaval perfeitoo @"
negative;1427599;aaa q dia mais chato hoje :\  acho que vou jogar um pouco de nintendo wii depois eu volto
positive;664816;Photo: › Quando se trata de amor nunca é tarde demais. Cartas para Julieta ~http 
positive;476118;"Indo dormir ; Boa noite  a todos :D"
positive;270094;"baixando umas musics aqui no trampo ;)"
positive;226398;"Lou dormiu aqui de ontem pra hj; dafne ta vindo daqui a pouco pra gnt assistir um filme; yay -Lu"
negative;1060015;Em uma escala de 0-10 a música da propaganda de 15 anos da Sony é ruim 245733.
positive;2415326;"Jogando donkey kong!! Nossa; tirei meu super nintendo do bau!!"
negative;834794;Mais que sacanagem é essa?
positive;414346;Ter você é meu desejo de viver ! ♪
negative;803837;"Amanheceu um friozim hoje ein.. gosto disso não; da uma preguiça de tomar banho"
positive;207755;Bom Dia a todosssssssssssssss! =)
positive;470244;Manda Abraço pra mim! Aprendi quase todas minhas musicas com voces! (@cifraclub live on ~http )
negative;273422;Mais de 100 vezez que o Luan entra e não me responde :\ #Bua
negative;178239;Você é sempre chato assim ou só quando esta acordado????
negative;1711390;Nessa tal de Copa Audi ou só vale empate ou Milan e Inter são muito fracos .
negative;209062;Bom dia. Acabei de acordar com muita dor no ombro :/
positive;839278;"fui no dentista hj e dps passei na casa do @user :D ;; tava jogando nintendo wii :B"
negative;165818;"UM #FODA-SE PARA ESSE AVATERES QUE QUE DIZEM ME SEGUE QUE EU TE SIGO E SO #KAÔ;PELA ULTIMA VEZ SO SIGO QUEM EM SEGUIR ;;)"
negative;581200;"nao entendo como um ipod eh melhor q um sony vaio; nao entendo mesmo..."
positive;591496;"#LOUVOSÃO sexta è nòs;quero ver tods là 93 è o melhor......"
positive;2034325;Soou TÃO Viciiado  Em Super Nintendo Que tenho 3 Emuladores No Pc!^^ HuHuahauh #SuperNintendoManiacs
negative;111089;Quando a vida te obriga a enfrentar gente malvada devemos pensar que ela é uma lixa ela pode te arranhar
positive;311888;"booom dia; bom domingo para todos (:"
negative;538571;AINDA NÃO ACABOU.
positive;866886;Comecei o dia ótimo hje *-------*
positive;2417988;É cada coisa... muitaa saudade da época que restart era o botão do Nintendo !! :/
negative;2410560;Xinga o Justin Barbie mas usa um nike igual ao dele #FAIL (@pecesiqueira live on ~http )
positive;918662;"gostei do tenis azul la :D ; eu tenho a nike 6.0 preto :P"
negative;721508;"so esperando outro black out ; safados fazendo fraude ; quem ta dirigindo um audi ; nunca tomou banho de balde"
negative;2472962;"Agora a Nintendo tem que rezar para a @user conseguir mudar jogos para ""arte""; senão ficará dificil para a Nintendo no Brasil. @user"
positive;1156828;"A microsoft marcou uma era; é inegável. Acabei de ver que eles tem software pra desenho de flowchart; tudo o que eu precisava!"
positive;2431358;Obrigado internet banda larga. Conferência da Sony agora. #e3
positive;384323;Lançamento da Sony PSP2 mt show galera. ~http
negative;428622;"Ganso seu fdp; como tu te machuca seu caralho?! Agora não vai mais jogar aqui... Vai fazer um fortalecimento muscular; porque tá foda!"
positive;402377;Saindo Aqui Amores Da Minha Vida Razão Da Minha Existência !!...
positive;269913;Marquinho Manda uma camisa pra mim :D (@OficialFlu live on ~http )
positive;147109;que bom!!! menos um problema! agora só me faltam 2 pra resolver hj!
positive;1134181;Essa propaganda da Sony 'e muito boa!
positive;480948;"cheguei da loja ; ja comprei meu xbox 360 ; agora se pah hj vo volta pra compra a tv de 42 da sony ; outro presente de niver *--*"
positive;72532;1 e 6 da manha e eu tuitando daqui do quarto do hotel!!!! mt bom hj!!! '------' comprei um nike shox e uma Gap hoodie
positive;1128311;Video muito legal do Audi DTCC Etapa Campo Grande ~http  parabéns a @user
positive;163120;"“Não contem para ninguém; mas o Brasil é o meu país favorito.” Demi Lovato"
positive;1543021;Comprei um short da Nike e o meião canguru da Penalti preto pra jogar no interclasses! :D
positive;1315898;aguardando resposta da Sony Music..... vamos torcer!!!!!! para ser o site oficial do MWS no Brasil
positive;642926;tenhoo muito orgulho de ser Corinthianaa  #DiadoCorinthians ♥
negative;1299893;"fiquei cabreiro hoje entrei no site da adidas e vi que la nao mostra que eles patrocinam clubes brasileiros; só tem foto de camisa europeia"
negative;472430;Odeio sair com minha familia
negative;15283;"namoraaaaaaaaal; qe filha da putaaaaaaaagem velho; odeio esse tipo de beijo qe você não sabe o significado :@'"
positive;479841;"Eu baixei um monte de filtro e efeitos especiais pro meu Sony Vegas; meus videos vão ficar lindões agora! &lt;3"
negative;21284;Nenhuma situação é tão complicada que uma mulher não posso piorar.
positive;146926;Se tudo der certo - vou pra Ivinhema fazer outro curso sexta que veeem 0// Aproveitar que o papis ta investindo =)
positive;480914;Acabo de descobrir um dos melhores sites sobre Nintendo do país: @user  Sensacional!!!
positive;1441641;"Não creio achei um super nintendo na casa do meu primo; isso merece uma bora roda de de Mario kart."
positive;456712;Boa Noitee (:
negative;513515;"meudeus; tentar achar um jogo pra nintendo wii barato é mesma coisa que tentar achar uma lente de contato na piscina"
negative;782711;"Joogando Nintendo DSi ;     aô Mariio que não presta ; kkkkkkk'"
negative;69696;Photo: › Pessoas dramáticas me irritam profundamente. Mas sou a pior que já conheci. › › Prefira Borboletas ~http 
positive;176001;"o celular do pai chegou hoje; é o novo lançamento da samsung duos tv digital. To tentando conquistar ele a pedir um pra mim."
positive;501929;Minha Mãe está pensando em Comprar o Nintendo Wii' Dou maior força pra ela' kkkk xD
positive;1143636;UAU!!!... Fundação leiloa duas unidades cromadas do Audi R8 Spyder ~http  #G1
positive;387492;Sabe a música do tumblr da @user ? é muito linda! haha
negative;180757;Q palhaçada eh essa?! Colocaram um papel escrito Tinta Hoje aki na porta... Ai ai T.T
positive;620683;Muito bom poder adorar junto com meus irmãos da ibc-cabo frio É #shu
positive;26274;Passei nas provas de Mat. e Física!
negative;243510;"Ponei maldito ; ponei maldito; lá lá lá; ponei maldito ; ponei maldito; lá lá lá"
positive;514209;"Amanha vou ouvir o @user cantando; estou mais do que emocionado"
positive;391631;"BOM DIA!!! Hj é sexta! Amanhã chega visitas ilustres; prima Nike e amiga Cely. Bom d+!!!"
negative;1403421;Não comprem nada na Insinuante.com! Comprei 1 MP3 da sony nesta loja virtual e demoraram quase 30 dias pra me entregar o produto. TO FORA!
positive;536746;Dormir agora !!! Amanha Viagem longa !!! Go @user !!
positive;159932;"è muito barato pra mandar cartas; eu pensava q era caro. kkkkkkkkk vou mandar pro @user semana q vem; ou até essa mesmo. +"
positive;440068;tonyhawk o lendário do skate!
positive;879595;Consegui... Ela penso em mim UASHUASHUASHAUHAS
negative;276295;Tem um gato da minha vizinha que quando ele me vê ele corre !!! séra que soou tão feio ???
positive;367397;KKKKKKK Bom dia *
positive;205484;"Mandaram muito bem; meninos! :D (@Carlosdlucka live on ~http )"
negative;653242;"essa minha mamis ta de brincadeira mesmo; olha meu caderno: DE QUEM É ESSE CADERNO FEIO? ¬¬"
negative;2345053;"Odeio quando a Sony fica com a legenda atrasada; odeio quando a Sony fica SEM legenda; mas ficar tudo preto é de foder!"
negative;283892;a bateria do meu nintendo ta acababando tenho que sair.TCHAU GENTE
positive;250300;"Booa tardeee *--* que diia de sol mais lindoo; há alguns dias não tinhamos um dia tão lindoo!"
positive;759870;bom dia galera ...              alo final de semana chego em casa q eu naum vô fia é sexta feira vô sai vô farria..
negative;1322360;Mania maldita dessas empresas usarem tecnologias da microsoft em sites podres
negative;335295;#KibomSeria se meus pais entendessem que tenho quase 18 anos e preciso de privacidade. :@
positive;406577;Mas a minha torta de limão ainda é a melhor do mundo!!!(vão fazer fila aqui por conta da minha propaganda...rsrs)
negative;90012;"as pessoas que menos imaginamos; são as que mais nos descepcionam :x"
negative;126644;tem gente ingrata nesse twitter viu #aff
negative;275718;"Nossa hj meu dia começou chaaaato; acordar trabalhar ter que aguentar akele povinho td é froide"
positive;203694;Parabéns para a equipe Brasileira Signum Games! Vencedora da olimpíada tecnológica organizada pela Microsoft “Imagine Cup”.
positive;657791;Muito legal essa matéria no nike corre sobre a meia maratona de Halloween nos EUA ~http 
positive;32295;"Agr siim tudo correndo como agente queriia  dia 6 & 7 promoteee ' ;D"
positive;565110;#sandynagabi Parabéns Edu #thanksjimcarey #edu Sandoca Paçoca Panteras Microsoft Brasil Esses TT'br ainda? aff -.-
positive;1411971;"BOM DIA!!! Hj é sexta! Amanhã chega visitas ilustres; prima Nike e amiga Cely. Bom d+!!!"
positive;78865;*~http  - Cliquem ae lindos *-* pra me ajudar a ganhar uma camisa do greenpeace :D:D -
positive;850814;"quee chuva em santa maria.. cheguei em agudo agora; beleza esse feriadinho 8)"
positive;663329;bom dia gente! nossa acordando uma hra dessa?? o.O
positive;818484;"Ele não desiste de você; Ele se importa com você; Ele compreende o seu caminhar. Nunca vi um amor tão grande assim... Ele não desiste!"
positive;698235;É maravilhoso sentir o poder da ação de Deus em nossas vidas.
negative;765021;O BRASIL NÃO PODE CONTINUAR ASSIM - UOL Notícias #UOL ~http  via @user
negative;703385;"Porque a Barra sempre tem que ter um engarrafamento fuderoso? Que porra; quase três horas pra chegar em casa; EU EIM! u_u"
negative;520449;"-seu idioma eh holandes... R: Italia...                    Meu deus do ceu; q burra. #domigaodofaustao"
positive;692873;"Bom dia ! Que dia perfeito; qro praia."
negative;454771;"Quem não tem amor em casa; vai se ajeitar na rua;Se você não tem pra dar; sei que a culpa não é sua (8)"
positive;839716;e o #neymar jogou muito ontem selokoooo
negative;398304;Neymar foi engolido pela monstro do deslumbramento. Perdeu toda noção da boa educação - ~http 
positive;181660;Esse nike sim é vida (k)
negative;708051;"último jogo do ABC que eu volto em direção a esse apartamento; que triste"
positive;959249;"Em sampa.. Clima delícia; trânsito nem tanto. Bora pro evento. Microsoft ISV Executive Meeting."
negative;2062705;Passando para ver os TT' s e sentido inveja do celular top do meu irmão. Samsung andróide
positive;693544;aeww esses dias vou me empennhar aoo maximoo akii no meu twitter pessoal praa ver se consigoo nee?tentar nao custaa nada
positive;221280;Terminamos de assistir Cartas Para Julieta e fomos direto pra disney assistir HSM3... pra eu fechar o pacote completo de choro né zenti!
positive;631288;Acabei de ganhar uma camisa. da nike ... muito show
negative;167846;"Já parei para pensar sobre o meu passado ; e perceber o quanto eu já fui Idiota ."
positive;805239;"Sonheei com o garoto que eu gosto ; Nossa que emoçãao --'"
positive;981981;"sou mário; no nintendo eu esculacho; no super ou no 64; eu eu tenho o yoshi kkkkkkkkk."
positive;39258;nossa q da-hora o novo sony ericsson....~http 
positive;696518;Dia 18 de junho #diadoQuímico!!! parabéns a todos os colegas hehehe!!!
positive;646277;"Gente; meu cabelo tá tão bom. acho qe vou te ligar a twitcam"
negative;269958;"vo dormi duma vez; pq amanhã o dia vai ser #TENSO .. Boa noite"
negative;57638;"Até Agora Nenhuma Surpresa na Conferencia da Microsoft #e3 .;"
positive;474438;se alguem olhar pra mim na aula e me ver dançando é pq to escutando Asking Alexandria uhsauhsauhsa não da pra ficar parado
negative;639752;Absurdo: a Samsung está disponibilizando papéis de parede para celular e alguns deles apresentam  cenas de violência contra gatinhos - cont
negative;237235;"OMG;num consigo seguir mais ngm '-'"
positive;443421;#Sigam @user A maior e melhor festa de colégios do Brasil! +11
negative;238772;amanhã eu certamente vou me arrepender por não ter dormido cedo. :(
positive;758652;Valeu a pena esperar pra comprar um Samsung Corby *u*
positive;165213;"tipo; eu AMO ficar postando fotos da Tay no tumblr *-----*"
positive;180821;Choveu mais uma vez por aqui.... Que bom... =D
negative;531779;PQP! QUE SOFRIDO MANO! ACAAABAAA JUÍZZZ!!!!
negative;1204693;Valor pedido pelo Audi A7 no Brasil equivale ao de três carros nos EUA ~http  vía @user que #absurdo!
positive;513123;"PRAIAAAAAAAAAAAAA...muuuuito sol; muito calor; churras...isso q eh vida."
positive;1453073;"e o NIKE ROSA que minha mamis comprou pra ela; MORRI DURA ! Lindissímo; quero ele pra mim :("
negative;215201;"Gentemmmmmmmmmm q raiva é essa; ninguém desiste da prova...eu heimmm; viu o q a raiva faz com nosso corpo...mastrata e nem sentimos"
negative;323198;esse meu msn sempre escolhe as piores oras pra ficar cainduuu ¬¬ .
negative;2359765;Paris Hilton com a mesma cara em todas as fotos? então ela é uma boneca de cera? achei q a cara dela fosse é de pau...
positive;21915;isso aew Corinthias!
positive;1467006;As fotos do Audi R8 LMS ficaram incríveis! ~http
positive;291140;"mamis comprou um relógio da gucci lindooo; vou pegar para mim!  HAHAHA"
positive;164966;da parabéns daqui a dois dias faço 1 mês de FC ? 6 (@sophiaabrahao live on ~http )
positive;819849;Bom Dia Twiteiros (nem sei se é assim que se escreve rs) as provas acabaram!!!!!!! de ferias da faculdade finalmente!!
positive;613485;"Ti vejo lá. :) RT @user Vou estar no MVP Open Day na Microsoft dia 28/09; espero ver os feras MVPs do momento | #mvpbr"
positive;1363623;Na estrada indo para Evento Microsoft - Serviço mais Software especial AZURE!!! Microsoft São Paulo... Abraço a todos...
negative;1780123;o site da sony tá uma bosta..... sempre em manutenção!!! #eisonyvtnc
positive;143726;Só preciso de você Fernando ♥
positive;196560;VAMOOOOSSSS LuAloneNoCriancaEsperanca 1
negative;607473;"cara como eu já to anojada desses fãs do restart qe fikam enxendo no orkut  e falando mal da gi namorada do lanza;eles tem ciumes seilá e +"
negative;137180;"É dificil ir quando se quer ficar; sorrir quando se quer chorar; mas dificil mesmo é esqueçer quando se quer amar!"
positive;359001;VOLTEI \O/ comprei meu tenis da nike & minha blusa da marimonroe *-*
positive;1453085;"Até que enfim meu @user pegou o Nike dele de volta; depois de 6 meses guardado na casa de um amigo dele."
positive;742253;"Acabei de assister Awake; um bom filme!! Boa Noite Galera!! :))"
positive;197720;Estou tão feliz!
negative;35964;Fudi meu pé na praça hoje! Puta que óh pariu!
positive;575512;70 reais a inscrição pro circuito estações adidas lol Vou correr a de novembro !
negative;656702;Kra essa cadela fdp me odeia. Ou ela tem ciúme do Rafa O.O
negative;1051716;"Pow; acho que os caras da Nintendo tao perdendo a criatividade com os polemon; vey"
positive;44645;auhsuahsuahs instalei meu velho nintendo de guerra. Mazáá Super Mario good times
positive;1906182;lool *-* eu vou ganhar um nike da @user  kkk s2
positive;781029;Pra consegui fica perto do MEU TODO PODEROSO eu faria qualquer coisa  #soumanodomano
positive;284443;Niver de um amigão hj... vou ver os amigoooss! VIAJANDO PORTOOO :)
negative;1701047;o pior é qe a loja autorizada da Sony ericson é longe pra caranba
negative;887271;:( dia sem graça
positive;2414730;Experimetei ontem o Nintendo 3DS muito legal
positive;177018;meu primo #BOQUITA ki arrumou minha net  muito obg!
negative;50654;"Ser pequena e ainda no fundo da pista; mereço"
negative;759120;assistindo planeta dos macacos. Kkkk filminho bobo --'
positive;398009;Vencemos o fraquíssimo Atlético-PR com autoridade. Continue assim até o fim! Gremio 3 x 0
positive;551078;A NIKE convido eu e o meu primo o gui pra surfar no rio
positive;202553;meu sobrinho está tão lindo *-* fazendo caretinha e dando um role de Nike zo/
positive;698104;O Dudu e a @user tão namorando
positive;579585;Caraca incadritável como as previsões do meu horoscopo pra esse ano estão batendo certinho!
positive;148621;Vou assistir hoje hahaRT @user VOOO ir assistir Harry Poter HAHAHAH alguem qr ir ? essa semana xD
negative;162219;putz eu esqueci a minha carteira la no PY .....--'
positive;2039258;ganhei uma bolsa linda da nike do papiis (:
negative;755850;"Eu odeio a Samsung ; ainda mais qdo se compra um Omnia 2 e ele está a mais de mês na garantia e eles não dão previsão de ficar pronto…"
negative;596910;Que nada @user um banho de chuva de vez em quando faz bem! Isso foi por vcs terem me enchido bem o saco na escola vc sabe o PQ.Né
positive;704244;feriado nacional amanhã : ) \o/ grandes homenagens serão feitas!
negative;764295;"que golpe!!! é incrível como;quando tudo esta bem pra você;a vida vem e da um jeito de estragar"
positive;792545;"parabens fernanda; vc fez a coisa certa"
positive;654805;A iniciativa do @user em reeducar os hábitos alimentares nos Eua são plausiveis! Apoiado!
negative;116852;Se você procura notícias sobre a Paris Hilton você precisa de um psicologo. #FALOMESMO
positive;394382;Bom dia e ótima quarta-feira para todos. Hoje a agenda está cheia.
negative;898480;ahhhhh eu tenho q espera o nintendo carrega mais eu nao consigo =/
positive;824550;Morrendo de rir com esses tuítes aqui xD
negative;300094;"o que me dá mais raiva as vezes; é a hipocrisia"
positive;215060;A outra coisa que me deixou alegre foi o experimento bem sucedido de extração de DNA.
positive;765312;Uma das melhores e mais inspiradoras propagandas que já vi. Adidas All in =) ~http
positive;1066588;Eu gostei de um vídeo do YouTube -- Conheça o portátil Nintendo 3DS (Pt - Br) ~http
negative;742840;estudante da UFF que completava seu trabalho de conclusão de curso quer desistir e voltar para sua cidade após assalto armado #UFFnoCQC
positive;284153;acessando o twitter no meu nintendo dsi. uhu! vo assisti @user
positive;180456;"ontem foi muiiiiito bom; festa da nike no arpex depois festa novamente ! cheguei em casa de madrugada cansadao; hj é so relaxar"
positive;13037;kkkkkk bom d+ @user  amanhã eu não trabalho.. p gente ir aí
positive;889491;"Fica aí uma dica de filme ..""Uma noite fora de série""..muito booom!!..vale a pena..fui!!!! bjos!!"
positive;684699;"HAUSAHSSU rindo muito agora!! Obs: já era para eu estar dormindo; já que eu vou acordar cedo haha =P"
positive;784422;Tempo Bom em Gv......... Clima Perfeito.....
negative;852336;"Não poderia deixar de falar; mais uma vez o tricolor carioca decepciona seus torcedores; pobres coitados..."
negative;93095;Tentei assistir a fazenda cm a mami.. mas não dá está MUITO SEM GRAÇA sem o @user! Aai que saudades dele lá :(
positive;1928182;"Adooorei essa idéia! @user Uma TV sem tela? Sim; a Samsung pensou nisso!"
positive;352696;MUITO feliz e satisfeito com a conferência da Microsoft na #E3 #GTE3
negative;359099;Minha febre aumentou..Tô indo pro hospital... Aff!!!!
positive;637495;"Viciei na Net do Samsung Star que meu pai achou e me deu; hahah; quero aproveitar e agradecer a mais de 1.290 seguidores Por me seguir"
negative;454788;Odeiam qnd Ligam e Ficam em Silêncio Imagino Tudo menos que a Ligação ta Ruim !
negative;254561;"Oxii; tem um povo no meu orkut que só entra no orkut pra ficar entrando em comunidades ¬¬"
positive;817611;sonho um dia vou ter uma r1 que moto é essa!!!
positive;2001611;BNoite Twittersrun. Bom encontrar amigos na Adidas Inverno em SP. Blog atualizado. Abracos ~http  SMAM RUNNINGDIVAS
negative;662270;Só sai gol nessa copa quando o goleira franga!! Afff.....
positive;913590;"YEPEEEEE! GANHEI UM SAMSUNG GALAXY 5 DE NIVER ADIANTADOOO! É TOUCH SCREEN; TEM NET: ORKUT; TWITTER; FACEBOOK; ETC; TEM CÂMERA E É LINDO! :-D"
negative;1834173;Puuuuuuta Maaaanoooo! Deu pau no meu Sony DVD Architect e não tava conseguindo instalar de novo! Que medo! Agora consegui!
positive;444716;"tô no trampo; hoje ta suaavee; ontem fooi coisa de louco; maaas hj está do jeito que eu gosto #curtindootrampo"
negative;575418;porra n tenho paciencia pra fica upando de boa nesses joguinhos :(
positive;587570;Agora vou ter 8000 microsoft points!!!
positive;561959;"Bom dia povo ;D"
positive;81568;"ai gente eu to tão feliz; finalmente eu passei na recuperção"
positive;474203;"Eu sempre quis ter o corpo de um atleta. Graças ao Ronaldo isso já é possível ;D"
positive;730680;Keith Urban é uma obra de arte
negative;629139;"'Não corrigimos falhas menores para não danificar o produto'; diz Microsoft ~http  #G1 || Explica isso pro cliente #soudev"
negative;771574;"A Microsoft precisa repensar o ícone de ""salvar"" dos seus programas... Disquete não dá mais!"
negative;224019;serio??? Amy Winehouse morreu
negative;1568059;"porra não sei qual a animação do pessoal pra ficar vendo computadores por aí ¬¬ e ruim ainda ; sou mais sony ou dell do que hp"
negative;1771394;"Tenho que concordar; dessa vez acho que a SONY forçou a barra; a voz na "" Breaking News "" não é do Michael Jackson; parece um backstreet boy"
positive;720618;"comecei a jogar JONAS pra nintendo ds; é bem dificil mas divertido =D"
negative;444598;minha casa esta mal assombrada rapaaazzzz !!!!! ))):
negative;997224;a Paris Hilton tem algum tipo de sentimento? pq ela está sempre com a mesma expressão!!!!!!!!!!!!!!!!!!!!!!!!!!
negative;1257277;"Creio eu que nintendista é o ser mais insuportavel da face da terra ; pior que torcedor de futebol; nintendo &lt;3"
positive;783517;"Tirei 10 na prova de inglês; mó tempo ki eu naum tenho uma nota dessa'"
negative;774694;A falta de tweets do @user é um espanto.
positive;425400;muito legal o treino hoje estreiei o meu novo tênis nike ctr360 muito tri
positive;34992;A abertura da press conf. da nintendo com as imagens de zelda e aquela orquestra fizeram rolar algumas lágrimas de nostalgia aqui =~~
negative;1728356;meu pai eh mtooo burro ele nao sabe mexer no microsoft office word kkkkk minha mae ta ficando irritada hahahah
positive;1851125;Jogar futebol no Nintendo SNES é assim que a vida deve ser... Indoo
negative;467686;twitter perdendo a graça -q
positive;2395061;"ae mlkada o @user vai me arranja uma regata da nike e uma da adidas *-* ; AHHAHAAH'"
positive;582934;Já ta quase chegando as ferias =)
negative;436667;tem pessoas que quando agente tenta esquece parece que e ai que ela aparece :(
negative;402829;gabriel em casa moleque chato
negative;765562;naum eh possivel q naum tenha nenhum amigo disponivel p tomar uma breja
negative;2297759;"ahh; nem vou mais pra igreja...titia ligou pra mamãe pra irmos pra lá! como sempre; vou ficar jogando nintendo com minha prima... --'"
positive;888915;"tem muito peixe; e peixe grande!!!"
negative;250339;estudar quando chegar em casa....q raiva
negative;609156;"#dançadosfamosos essa banda castiga os ouvidos;prejudica os dançarinos"
positive;409281;Affff maria pai!!! Que homem lindo é esse??? É @user rsrsrsrs...
negative;86762;ALGUÉM QUE ME AMA PODERIA ME DEIXAR JOGAR POTTERMORE NA SUA CONTA? PORQUE EU APAGUEI MEU E-MAIL PRA EU JOGAR E JÁ CHOREI MUITO COM ISSO D:
positive;675273;"Vou ir comer um mc e depois vou ir no jogo com meu pai; seca os gambas! ahahahha"
negative;619271;"Eai .. sei nada pra faser &gt; #TÉDIO"
negative;1433493;Vou ter que usar o sony ericsson lixo ou o da claro mais lixo ainda ¬
negative;349624;kra vou ter um infartoooo
negative;694375;É triste ver o que a Sony tem feito com o nome do Michael. Em maio teremos um novo CD Póstumo do rei do pop. Deixem-no morrer!
positive;830933;Sorteio de um Samsung Star da @user #promocao ... vou ganhar !!!!
negative;942222;"queria que o principal produto da Microsoft fosse desenvolver websites em html e css; talvez assim eles se comoviam e desistiam dos IE!"
positive;523006;o jogo do scooby-doo foi mais legal até agora!
positive;1561596;Eu queroooooooooooooo. *-* RT:. @user  O Boné Nike do Centenário ficou irado! ~http 
negative;160343;Sem contar que minha conexão com a velox parou do nada.. E eu pretendia ter uma conversa no msn antes de dormir... Que saco.
positive;1613657;78- meu notebook é o mais lindo ever ! ( Sony Vaio vermelho fosco )
negative;44104;"ah que merda esse frio; não da vontade de fazer nada....."
positive;832718;"Passamos a amar não quando encontramos uma pessoa perfeita; mas quando aprendemos a ver perfeitamente uma pessoa imperfeita."
positive;602034;Minha amiga querida #Mirian. ~http 
positive;694056;Ei ... Faça do seu dia da mulher o mais fantástico de todos ! - Passe aqui em casa ! haushuahsuhausa
negative;1427229;Putz Vei Toh Tentando Baixar O Sony Vegas No meu #PC Windows 7 Naum  Mais Naum To Conseguindo Alguem me ajude
positive;757085;Criptografia em dispositivos móveis....mais que uma obrigação...uma necessidade....
positive;797500;"salve o tricolor paulista; amado clube brasileiro #novositesoberano"
negative;2102937;Pensa numa PORCARIA de celular... ele se chama SONY ERICSSON... :P
positive;424649;Pela primeira vez tenho vontade de comprar um protatil.O psv está muito legal.Vamo ver o que a nintendo tem para mostrar daqui a pouco.
positive;26058;Deus me surpreende a cada dia...hj foi um deles... =]
negative;587553;Putz não consigo conectar a minha Canon com o Dragon Stop Motion! :(
positive;96954;Mais eu sei q nos podemos chegar a minha meta de hoje né ?? então minhas coloridas(os) sigam e indiquem :D
negative;667016;"rsrsrs vc canta muito; mal (@InterativaFM live on ~http )"
negative;332429;"acabei de derramar um litro de água na cama ;s"
positive;447616;"haaaaa troquei o meu cel ; agora tou com o Samsung Wave 533 ; ele é lindo *-*"
negative;750805;O maior erro dos pais e nao admitir que nao foram adolescentes!!!
negative;2560275;Paris Hilton tem dinheiro mas é pobre de  muitas coisas...
positive;334569;"Dei meio dorminid para o leo; e ele todo fortao ~http  um inteiro. Kkkk foi todo relaxado para o mundo de Bianca."
positive;1490622;gente esqueci de contar hoje ganhei um nike muito fofo *-*
positive;640611;VIAJAR AMANHÃ? OBAAAAAAAAAAAAA!
positive;791019;Usei o SH-RH como creme de hidratação. Amei o resultado vale muito a pena gastar um pouquinho mais
positive;496230;parabéns a sony por estar chegando a loja playstation no brasil. espero que o brasileiro saiba dar valor. reclama que não tem nada
positive;748444;Eu gostei de um vídeo do YouTube ~http 
positive;2024594;Vou comprar meu nike *-*
positive;692882;Parabéns Corinthians!!!! Somos mesmo uma Nação!!
positive;395426;Eu gostei de um vídeo do YouTube -- Grandes Vlogs - Fada do Dente ~http 
negative;366247;que video parado _|_ (@maaah_loopes live on ~http )
positive;2053007;Legal é o Nick chegando pra apresentar na abertura da loja da Microsoft com seu iPhone e iPad a tiracolo HAHAHAHA ISSO AII NICHOLAS!!
positive;735313;muuuuitoo lindo o depoimento que eu recebi do meu amoor *-*
positive;735390;Uma ótima idéia para a utilização das mídias sociais: adidas | name the London 2012 official match football: ~http
positive;1182969;Estou feliz com o tempo que consegui fazer na corrida do circuito Adidas etapa primavera.
positive;1494663;"oi; voltei; fui lah na BackWash e comprei um Nike 6.0 meio esquisito mais bunitinho *-*"
positive;733620;"Que bom que as aulas começam quarta! Porque ai; são só 3 dias de aula! HSAUHSUAHSUHA"
negative;520012;hoje eu estou boladao
positive;51203;vou comer pastellllllll
negative;617737;terça-feira o sony disse que era viado #GameFutebol
negative;33976;Meu Deus todo santo dia eu me machuco --'
negative;1229536;"MP3 já está pela 2 vez na assistência técnica há 23 dias. Pergunta: Caso seja a situação de substituição; a Sony n poderia já ter feito?"
negative;2010273;Obrigado à Microsoft por fuder com meu computador. Passarei mais algumas horas à noite tentando salvá-lo.
negative;403664;Árbitro: Antonio F. de Carvalho Schneider/RJ LADRÃO MALDITOOOOOOOOOOOOOOOOOOOOOOOOO
positive;70759;Agora sim porra Vamo Que Vamo como nos velhos tempos :B
positive;437474;Hj vou comecar a pegar firme nos estudos!!!!
positive;1272883;Dia 07 no feriado vem curtir edição especial da LIIBRA com lançamento da NIKE !!!!!!!!!! ~http
negative;489859;pessoas prometem coisas e nao cumprem.. falam demaaaaaaaais!
positive;449824;"saaaaaindo aqui meus amores . indo pro banhojinho ; beeijos . &lt;3"
positive;792;Uma pessoa tão especiiaL aniversariando hoje! @user #ParabénsMinhaAmiga
negative;2087695;Eu tenho um driver samsung no xbox 360 e não consigo rodar o assassin's creed brotherhood. me ajudem por favor!! vlw!
positive;893002;uowww Radiojornal  Sequência.! contornamos as dificuldades e tudo deu certo no final!
positive;1494651;comprei um nike 6.0 ontem mto GAY mas eh bunitinho ahsuahsuahsau
positive;421297;Boa Tarde!!!!
negative;76082;"Cara; a Apple faturando 10 bi a mais que a Microsoft e famílias aqui no Brasil com renda mensal de 50 reais. Nojo é pouco..."
positive;2490904;Compras de nike e reebok. axo xique! adoro
positive;1268366;"Oque você faz quando para num Semáforo; ao lado de um Audi TT (ouvindo Linkin Park) ??? &gt;&gt;&gt;&gt; Aposta Corrida !!!!!!"
positive;352379;show da @user esse sabado! vamo ae geral!
positive;2521759;"Caaara; esse nike que minha avó me deu é o melhor tenis que eu já calcei EVER!!"
negative;80775;to super fudido em calculo I preciso de 30 em 34 #superfudido
positive;2344162;Só faltou o @user pra propaganda da Nike ficar perfeita.
negative;2171941;Rabo preso é outra coisa! kkk @user Apple acusa Samsung de copiar iPad e iPhone ~http 
positive;817951;Dias melhores estão por vir.
negative;89261;só se fala desse centenario! q buceta! grande bosta
negative;2536;Fui barrada. Sou perigosa? #Medo
positive;456973;Photo: › Dou risada sozinho imaginando coisas que eu queria que acontecesse. ~http
negative;244705;"a segunda morreu achatada contra o assoalho; a terceira caiu na tua mão. E foi a que mais doeu !"
negative;2373660;"quero jogar meu Pokemon de nintendo DS' mais como meu pc não liga e eu to no notbook; não daa née' #HEELLL"
positive;2076478;flw lindos vou jogar super mario! no nintendo ke eu acabei de achar!
negative;1280254;Perdi meu celular!!! Samsung Omnia Pro (B7320L)...
positive;2451479;Ótima idéia do @user RT: @user HD externo é feito em fita de Super Nintendo ~http 
positive;2588685;"Não sou tão fã do Ronaldo; mas esse comercial da Nike é realmente digno de uma lenda ~http "
negative;256585;"me deu uma tristeza do nada dai a @user fala: peraí que eu vou botar uma musica pra tu chorar *o* KKK sálouca &lt;3"
negative;567581;melhor dizendo... eu sou feia né
negative;1091132;KKKKKKKKK O PESSOAL DA SONY COLOCO VMB KKKKKKK BANDO DE BURROS NOSSA OLHA SÓ
negative;544800;"to na igreja; é muito barulho :/"
positive;892260;Paarabens meu amor!!! Estou muito feliz! @user  Quero te ver com todos seu planos sonho e desejos realizados! LVU
negative;407370;Só é dificil me ver alegre.
negative;582294;"Uns ainda m falam; q o eltinho é melhor do q o lucas mendes; soh pq ele ataca.... o lucas mendes naum ia fazer aquelas merdas...."
positive;526903;"Escolhi você no meio de 7 bilhões de pessoas e escolheria de novo; no meio de 14 trilhões se necessário."
positive;210400;Adoro o #bigfollow pois é simples e objetivo: ~http 
positive;330101;AAH @user mimiu aki a gente saiu juntas ontem foi muito boooom \o\o\o\
negative;1229562;Perguntas desconexas: o que fede mais: cocô ou xixi? Sony lhe respeita como consumidor?
positive;649992;Fiquei a tarde toda com as minhas amiugas (os) lindos e o lindo do Luís! :D
negative;728039;puta q pariu :@ tem 3 seres aki de 7 anos me enchendo :@
positive;1630728;"Começando um dos melhores eps de seinfeld na sony agora; o do estacionamento. Run!"
negative;785056;Nada bom… Menos de 10BB's… Agora é cruzar os dedos…. #RSopen
positive;728245;"aii eu amo vcs beliebers !!! o que seria de mim sem outras fãss  ;)"
positive;2467627;Uhuuuu!!!! Meu celular samsung galaxy ta quase chegando...Android voltou...hááááá´!!!!!
negative;743805;é muita coisa errada pra um mundo só :/
positive;2287097;"+ do projeto do @user e @user na Argentina ~http  Dessa vez uma matéria da Sony de lá... ;)"
negative;177333;Que preguiça de levanta da cama :s
positive;550380;Fiz 15 anos \o/
positive;840126;Hj o Mario completa 30 anos  uns dos icones da Nintendo que nasceu em 1981 e hj completa 30 anos #HappyBirthdayMario
negative;378241;Steam recebe a versão errada de Dead Island dos desenvolvedores:  Faltando poucos dias para o lançamento de Dea... ~http
positive;567934;Passando só para dar boa noite!!!
positive;367626;o nike do chaz ortiz é muito lindoooo
positive;1020030;"Novos EEE pc: depois de usarmos linux para conseguir descontos da microsoft no round 1; só vendemos com windows agora; surpresa! ..."
positive;1233390;"[GT] 24 H Spa: Filipe Albuquerque e a Audi em Spa com objectivo bem definido - ""Queremos vencer!"" — ~http"
positive;280709;jogando nintendo wii !!!!
negative;1964888;Ai que raiva!!! Tô a dias tentando instalar a uma atualização do samsung apps e nada...
negative;76170;"meu pai levou o PC pra formatar ; e ele ta bem estranho; sumiram os favoritos e tals ; UXAAAA"
negative;1168720;"Kkkkkkkkkk a Nintendo mostrou o WiiU; foi poir q vê a vó pelada !"
positive;1179003;a Samsung é melhor #propagandasemfrescura
negative;480759;"Esperando o #Hamburguer chegar ; ta demorando pra crlh pra chegar já mané namoral . :@"
positive;564833;Faz plakinha pra mim meuu (@giuliafrota live on ~http ))
positive;233160;O jeito é dar uma 'corridinha' com vc Rsss fui com o maridão Rsss!
positive;71851;Entre indas e vindas me resumo feliz. entre altos e baixos me resumo equilibrada
positive;83335;E também estou muito ansiosa para que chegue logo dezembro pra que minha amiigah Lays chegue logo to morrendo de saudades (L)♥
positive;48644;"Estive lendo twittes aqui... Só rindo; e ALTO..."
positive;668462;Anciosa pra ver a despedida de @user vc sempre  sera inesquecivél
negative;397671;"Que bosta; vão ficar com ps vita. Pessoal da sony tá ruim para nomes."
positive;793850;"Heei amanhã; faço 16 anos hihi me da parabéns adiantado? (@Giiograssi live on ~http )"
negative;328264;Aula de português um téeedio !
positive;733343;"Jesus como é bom Te Ter comigo;eu Te Amo mais do eu mesma possa imaginar!Meu Lindo sou totalmente dependente de Ti.."
positive;1769946;Minha mãe conseguiu instalar o super nintendo aqui em casa kkkkkkkk....to relembrando os velhos tempos muito doido poskaopksa
positive;212831;Bom dia!! Aos brilhantes profissionais @user @user @user @user @user @user @user.
negative;374248;"aaaaaaaaaaaaaaaaaaaaah que merda!  Ainda tenho mais uma aula; hj a noite ..."
positive;518131;Ainda bem que amanha nao vai ter aula
positive;307953;comi brigadeiro e minha tia ta fazendo morango com creme de leite. será que dou conta? oO'
positive;337766;"Pronto Lele; mari e isa. :) Não; vou esquecer. *_* @user @user @user"
negative;314846;"Ah! @user; o mundo vai acabar e eu nem casei ainda; viu!#querosairdocatitó"
negative;1229550;Fui enganado pelo conceito da marca. Me sinto um idiota completo. Como um MP3 fabricado pela SONY pode ser tão decepcionante!
positive;449928;"Boa noiite Fiel! ;) #CorinthiansIsBiggerThanCNN @user"
negative;698321;"oi gente; hj me decepsionaram; qando eu descobri que ao meu redor tem poucas pessoas confiáveis  e o resto é tudo gente hipócrita e falsa"
positive;777194;Estou postando fotinhos no Face ^^
negative;2185095;"Vem cá; sou só eu que odaaaayo quando eles falam ""no sony entertainment television""????"
positive;1906183;hoje eu vi uma menininha com um tennis da nike roxo tão lindu *-* rs
negative;1112508;"Simplesmente inadimissível !!!!! Enquano a Globo; CBF e Nike escalarem o time vai ser isso aí....e 2014 tá chegando....que vergonha!!!"
negative;249132;"Assistência da Samsung em Florianópolis: além de mentirosa; uma bela porcaria!"
negative;758484;As vezes bate um medo...
positive;740565;hooje fui na loja e peguei muuuuuuuuuuuuita roupa! muito bom !!! e depois niver do calvin hauhahaha huhu!
positive;990426;Soulja Boy - Swag Flu (Ft Birdman & Gucci Mane) A Melhor Músicaaa
positive;541847;"É tempo de Honrar meu Pai; Meu Deus; que amo; creio e confio!"
positive;64823;Muito Bom ^^ @user ótimo! Adidas faz vídeos interativos em nova campanha: ~http 
positive;66480;Vamoos ganhaar Vascoooooo
positive;92206;gosto do #bigfollow pq eh simples e objetivo ~http 
negative;318190;To com muita dor de cabeça :( Que nunca passa...
positive;660479;Ahhhhh Liindooss  Amoo vcs ! (@fiuk live on ~http )
positive;2469977;"Quero ganhar um Nike 6.0 que a @user está sorteando! (~http )"""
positive;1642915;Literalmente muitooo feliz ... ganhei um tenis da adidas mt shou .. adoreiiii*--*
negative;1231120;PRESIDENTE DA NINTENDO SE DESCULPA PELO FRACASSO DO 3DS ~ Leitura Games ~http
negative;469363;Véspera de feriado e nem pra turma combinar de ir embora.
positive;1842986;Excelente ideia para o natal! Presentei seu amor com a mais nova fragância masculina da Gucci Sport Pour Homme  ~http
positive;1296399;"Prazer; Chandler Bing. Do gaélico; Bing significa : Seu peru está pronto. BING.   - Chandler Sensacional. rs"
negative;163169;Vou ter que esperar ate 2013 para ver A Hospedeira! ):
positive;506238;começa o jogo do Brsil!
negative;283093;Já percebi que tem MUITAAAA gente dormindo. #ACORDA! shasuahsua'
negative;2561743;Comprando um NIKE aqui. Low ou High? OH LORD e agora? D:
positive;2533961;"Eu quero ganhar o Nintendo Wii que o @user vai sortear HOJE (20:00 hrs);RT e follow @user ~http  :)"
negative;320090;"uma nova fase da minha vida; fika sem eu tanto gosto."
negative;1558615;Rupert Murdoch estrangula acesso do Google e da Microsoft a jornais ~http  #folhaonline
negative;831024;Interessante... como as coisas acabam...
positive;489871;To aqui na formatura da minha prima haha (:
negative;402558;"Games eTecnologia Brasil: Dados pessoais de usuários da PSN foram roubados;admite Sony ~http "
negative;789966;Nunca vi menino mais chato qe o  @user  SZ haha
positive;2474043;"algum empresário aí para me bancar numa gravadora ? talento nao falta !!!aí som livre ; sony ; ou universal cantora sertaneja e das boas  !"
negative;244882;"Trabalho sim; aff  RT @user @user A bichinha trabalha tantooo...Que dó; que dó; que dó rsrsrs^^"
positive;412319;Pra mim essa é a musica mais fodida do Bon jovi ~http
positive;203466;"Ele revela o profundo e o escondido; conhece o que está em trevas; e com ele mora a luz."
negative;163828;visheeee mainha vai da filhote em ~~ o nego é zica do baile memo? KSDÇLKDÇLKLS @user
positive;629208;Onde você descobriu formspring.me? — aaaaa.. por aí! kkkkk' um site de relacionamento qualquer! kkk' ~http 
positive;792135;"AAAAAH; acabei de falar com os meus amigos lindos diretamente de Bariloche! Queria taaanto estar lá! :/"
negative;523676;"quando estou com preguiça; minha letra sai horrivel; nem da pra entender direito; ate parece letra de medico kkkkkkkk"
positive;315274;Bom dia friozinho pra todos!
positive;632387;O @user me orgulha com suas caras e bocas
positive;711107;Beijo de desconhecida evita que jovem chinês cometa suicídio   Os moradores da cidade ...  ~http 
negative;730936;apaguei os tweets sem querer ! aaaaaah
positive;1116887;Anderson Silva faz história e se torna o primeiro atleta de MMA da Nike - Mais Esportes - R7 ~http  vía @user
positive;676149;"volteei mãe quase num sai ;kkkkkkkkk"
positive;740687;"ele ficava ~http  É VOCE? com uma voz de criança; ainda to rindo"
positive;1288480;Eu quero: Ganhar Cogumelo 1UP de pelúcia Oficial da Nintendo - ~http  #twitvou
positive;532154;pq eu to apaixonado por um ringtone da samsung ? :'( KKKKKKKKKKKKKKKKKKK
positive;1315897;News. acabamos de ser informados que a Sony Music está em contato com a equipe de MWS sobre a oficialização do website. vamos orar!
negative;1264652;"Aff; com o preço desse samsung galaxy s2 da pra mim comprar é um Ipad"
negative;573913;"A pessoa não entra no msn sabe; ai tenho que ficar mandando dm toda hora; né @user ? hahaha s2"
negative;762254;gente eu n to com sooono ! estou muito agitada (:
positive;21348;amanha acorda cedo e ir pra escola =D  Saudades já do povão da escola.....sahsahsas
positive;134640;Ai meeu irmão conseguiu arrumar o nintendo ds delee !
negative;1007878;Jogos de super nintendo são difíceis..
positive;2479088;tentado fazer algo no sony vegas!
positive;627656;"Viciei nesse remix que o Gucci fez da ""Rap"" do Pooca Leroy; o pior que nem é tão boa assim hahahahaha"
positive;199179;"porque eu sei que é amor ; eu nao peço nada em troca ; porque eu sei que é amor (8) @user"
negative;2262083;eu quero um nike do bob esponja que eu acabei de ver ):
positive;2469866;a pampa a coleção da adidas star wars  \0/
positive;1182970;No próximo final de semana tem mais uma etapa do Circuito Adidas das Estações. Voltei a treinar e quero melhorar o meu tempo.
negative;2471133;"ja agora ""técnicos de informática"" aqui das internets; erros de Microsoft Visual C++ (o belo do rundll32.exe) alguém sabe corrigir? :\"
positive;656209;Booooa tarde!
positive;1386175;"UAU!! A Microsoft comprou o Skype por 8;5 bilhoões de dólares!"
positive;1833977;"to me despedindo do meu smartphone pra pegar um samsung Jet novamente; tava com saudade dele dsd q perdi"
positive;556003;#Barcelona Campeão da Copa Audi :)
negative;1675708;"são total decepção ao jogar nintendo WII!  ;DD"
negative;252599;Em Pinheiral as coisas são engraçadas...somos obrigados a ouvir todas as tardes Ave Maria na caixinha de som furreca da igreja!
negative;474992;"E o Lucas Carvalho; aquele pentelho"
negative;723928;Photo: Fui Tomar juiz Só tinha No Cú :s ~http
positive;417532;+pra festa MICROSOFT PARTY e vou ter q acordar cedo amanha sabe né como é vida de artista :]
negative;1237321;Tamo fudido com essa Sony #epicfail
positive;137685;boa noite brasilllllllll...... tamusss ai na atividade.
positive;202475;"Amigo não se compra; se conquista! - ~http  Divulguem #UmLarParaCadaCão"
positive;533930;to instalando wow muito bom mas para poucos xD
positive;1117614;Esse DVD de mais de oito mil jogos de super nintendo tá arrancando lágrimas aqui em casa  huaheuaheuaheu
positive;455525;Olha só! É com Arduino!!! =D RT @user Microsoft cria tecnologia que corrige fotos tremidas - ~http
positive;1726331;porra... nintendo é foda demais! chupa SONY e MICRO$OFT. mas mesmo sendo foda... ainda é coisa de criança.
negative;292550;"EEH O @user ; QUE NÃO ENTRAA ; QUEROO FALA COM ELEE"
positive;722003;Quem nunca jogou Mario no Super Nintendo não sabe o que é se divertir pisando nos outros!
positive;1411959;Voltei! Parece que a saga dos transportes terminaram. Nike conseguiu sair de Maceió às 13h (14h após horário marcado) e Cely fly. By amigas!
positive;965340;do nada deu uma vontade de joga super nintendo :x
positive;747450;Boa noite!
positive;625134;"Não importa se é certo ou errado. Foda-se; seja feliz! 2"
positive;2373206;"Muito sol em BsAs; maratona da Nike e todos os participantes de verde marca texto! Logo mais @user 10 anos..."
positive;1272909;Lançamento do tenis da Nike air force one na @user  dia 07 apartir das 14horas. Nossas atrações mais a festa da Nike no feriado! Topa?
negative;890557;"... Por maior que seja o desejo ou amor... Há um certo ""tempo"" que não deixa apagar certas marcas..."
negative;328885;twittar sem ele aqui é muuito chaato ¬¬' ( não tem p quem manda indireeta UAHSUAHS)
negative;2492381;Vergonhoso... RT @user Sony Ericsson paga de Motorola e furunfa bonito com usuários do Xperia ~http 
negative;1229538;Terceiro contato com a SONY desde o dia 23/08. O produto mp3 w202 já está há 18 dias na a. técnica. Não há previsão de entrega. @#$%&**
positive;667158;sou palhaça de mais neah @user la la la la la la la la
positive;1248562;"Olhar Digital: Uma TV sem tela? Sim; a Samsung pensou nisso! ~http "
positive;866606;No bonde c o @user  dudu e irma da nathy...chega em ctba e dormi hauhsaushauhs'
positive;117482;Vc esta feliz? Que bom que agora eu cheguei pra por vc no seu lugar!
positive;563352;"To namorando hsaushaushau com a @user  shaushausa; ela e minha so minha ''gatona'' shausa"
positive;1631337;"Hoje meu irmão me esculachou com o celular dele ; um tal de Samsung Galaxy || . Nossa que sonho de celular ."
negative;274506;Dá pra ver na sua cara o desespero ♪
negative;774266;"Meu Nintendo Wii não ta funcionando; alguem quer me dar 200 reais pro cara da loja concerta ? *-*"
positive;445987;Beijos&Abraços #Ousadoos ! HA' Fiquem com Deus :*
positive;1251542;Ganhe um Microsoft Office 2010 Professional ~http  via @user
positive;1586915;"oi gente; estoou mechendo pelo meu nintendo dsi   *---*"
negative;757081;@SiteBABOO: Samsung vende notebooks com keylogger ~http  a coisa ja ta ruim....e com ajuda...fica pior ainda..
negative;776510;"Começam aparecer provas do uso criminoso do ""aparelho coercitivo do Estado"" contra o movimento de greve de prof. em MG ~http "
positive;434480;"Eu gosto de classificar a Sony em antes e depois de ""Perfecta""; da Miranda."
positive;291870;quero ir no cine hoje! hahah
negative;412687;Que voadora foi aquela do Goleiro Gustavo no menino do Vasco? Sport já se pronunciou e ele não faz + parte do grupo de jogadores..
positive;556802;Agora vamos diferenciar os meninos dos homens. GREEEEEEEEEMIO!
negative;46954;como que o inter é campeao de tudo se nao foi campeao da copa audi ???????????????????????????
positive;594411;Mamãe queridaa ....
positive;828274;só na espera do meu anjo @user p ir embora
positive;550092;"Ivetona arrebentou e soltou o pagodão com Xandy; foi muuito massa!"
positive;117744;"Não esqueci vocês; apenas achei um lugar que vendo jogos do Super Nintendo para Play Station; eu tava jogando Mário *--*"
positive;1020532;Lux -          Fotos: Festa Prémios Gucci para mulheres no cinema leva glamour máximo a Veneza ~http 
positive;492434;Não tens quem faça teu elogio? Elogia-te a ti mesmo.  Erasmo de Rotterdam
negative;495343;"A verdade é que; é muita Claudia; pra pouca cadeira!"
positive;368483;"Paris Hilton e seus pets chegam nesta quinta; em SP!!!!!!!!!!!!!"
negative;495217;"kkk ée voc ainda tem um monte de falas em @user ; poo nem sei que tipo de roupa levar ;x ; mais vou ver aqui o que faço ."
positive;496341;o sony vegas pro aceita até 4k (resolução acima do full HD) (@OridhioniBauer live on ~http )
positive;299217;"Read my response to ""Hoje bateu uma saudade de voce !  vai pra qm?"": ~http "
positive;333079;"Dificil não é lutar por aquilo que se quer; e sim desistir daquilo que se mais ama."
negative;469358;"Eita tênis feio RT @user Nike lança tênis inspirado em ""De Volta Para o Futuro 2"" ~http  #UOL"
negative;1229555;"Evitar que o consumidor; com respeito; mas duramente; divulgue uma experiência ruim com a marca SONY é uma prática aceitável?"
positive;403030;Bom diaaaaa!!!! Quinta com cara de segunda adourooo!!!
negative;443499;A tão falada Taça Audi é nada mais que uma PRÉ-Temporada para outros... Parabéns Azedos !  #semtécnicoépagavale
negative;832304;o PC desligo sozinho . :x   Banho depois almoço
positive;842271;boa noiteeeeeeeeeeeeeeeeeee chegueei kk
negative;2631012;Eh n tem jeito... se vc teve um som sony nem um outro eh 'similar' a ele..... #Arrependimento
positive;62714;"Nossa minha aula de bicicleta me matou hoje; nada como um bom banho quente; um jantar calmo e a companhia de @user e do @user."
negative;604026;Ta virando brincadeira já.... RT“@estadao: DE NOVO: Sony é invadida e dados de 1 milhão de clientes são roubados: ~http
positive;845836;Esses jogos de nintendo 64 são viciantes.
positive;1183465;"Passei o Ferrari; calcei o Nike mas não perdi o espirito de pobre vagabundo folgado.  Fui"
negative;758651;"Quem tiver o Samsung COrby Smart por favor; me ajude. #tense"
positive;55682;os Cara ta cauzanoo manooo! kkkk  fica falando da IANCA aii eu lembro do cachorroo! kkkkkkkkkkkkk
negative;298707;"Minha timeline tá bombando com ""citações"" de Caio Fernando Abreu. Desculpa; mas não dá mais pra aguentar! Qual é?!"
negative;838872;"aff 1 dia sem ver minha best @user e ja to morrendo de saudades dela eu nao consigo fica sem ela msm; te amo + q td best s2 linda"
positive;687985;banho queeeente!
positive;44279;Boa Tarde !!!
positive;611934;"Solzinho lindo entrando aqui! :D* bati uma foto;essa camera do meu Samsung não é das piores. ~http "
positive;439665;KKKKKKKKKKKKKKKKKKKKKKKKKKKKKKKKKKKKKKKKKKKKKKKKKKKKKKKKKKKKKKKKKKKKKKKKKKKK MIJADO DE TÃO MORTOOO ! ~http 
positive;326353;Amoores querooo veer geraal seguindoo o @user #follow
positive;1168721;Conferência #E3 Microsoft acabou! Será q esse êh o ano deles?
positive;1769698;"Muito bom..RT.@VPublicitaria Nike | Nova campanha estrelada por Kobe Bryant; Kanye West e Bruce Willis ~http"
positive;550064;Personalizei minha foto com o #UaiFolia1000dias Faltam 12 diaaaaaaaaaaaaas!  \o/
negative;586804;E nem fiquei pra aula de Matemática .
positive;1249253;Até própria Microsoft reconhece que o Kernel Linux é superior ao Windows... ~http  #EuUsoLinux
negative;192045;Tio tava tao feliz mas quando desse que n envio fiquei triste damas pfv le minha DM (@ALPHAHITS live on ~http )
positive;439085;"Hoje é ruyzão; bolão rapaiz!Vo chega em casa acabado -.-"
positive;38371;"Maano hoje ta com uma cara de sabado; que eu vo te contar eim !!!"
positive;381526;Vou dá uma saida agora depois  bjosssssss
negative;1093416;"Sony é atacada novamente: 24;6 milhões de contas comprometidas: A Sony Corporation e Sony… ~http"
negative;480903;A convivência com a Sony diminuiu meu interesse por games... Vou voltar a usar Nintendo como nos velhos tempos! (cc @user )
negative;334655;Começa a bater uma moleza... jajá começa a  dar sono =/
negative;905893;Valeu samsung sem previsao de atualização do Galaxy Tab para o brasil mais para o resto do mundo tem
negative;29789;"Dia de fazer exames períodicos; ligo para clinica; não tem médicos!"
negative;2604755;tai o perez hilton tem 3 milhoes e 7 mil seguidores so porque fala mal das celebs tambem quero esse emprego manolo
positive;8719;GANHEI o/ haha 6x2 .. Meu nome ta entre os 5 disputando trofeu de destaque juvenil e entre as 7 disputando o de destaque feminino *------*
positive;898479;"bye vou eperar o nintendo carregar ;*"
positive;31368;"twitter via nintendo dsi kkkkkkkkk"" é muito loko :D"
positive;609462;"Boa Noitee gentee!!;)"
positive;2532208;"como eu queria ter dinheiro e anda no estilo ; ter pano da lacost e adidas dee 12 pino  (8)"
positive;321360;Eitha (:: - @user twitcam ao vivo em ~http
positive;338894;Boleiragem na veia... E nike no pé.!
negative;1803149;"éh; o nintendo tira as vidas das pessoas '-' coisa mó interessante"
positive;411626;Cheguei em kasa agora depois de uma festa e ficar jogando NINTENDO WII COM @user  hahaha VLW
negative;701398;noossa sacanagem não era pra eles ganharem ! :@ #QueRaiva.  Obrigado @user ...
negative;838098;Prova tensa di Quimica amanha .
negative;2487223;Quanta pegação de pé com a DEVASSA... deixem a DEVASSA da Paris Hilton em paz...
negative;221881;"Frases ""vingativas"" com duplo sentido: ""aqui se faz; aqui se paga""; ""o que é seu tá guardado""; ""quem procura; acha""; entre outras."
negative;617742;ONTEM O SONY SE ASSUMIU DIZENDO QUE ERA VIADO #GameFutebol
negative;2186708;"Pense nisso: - › Se você reclama por ter ganhado um adidas e queria um nike; › › Eles adorariam ter uma... ~http "
positive;713678;Cheguei x-x hoje fui no Medico  no Trampo no Shopping comprei um Nike Reax *----*
negative;208140;acabei de chega em casa.. hje fui na muscu.. foi um saco p. varia :D
positive;525900;Boa tarde.. Vou pra casa da vovis neh
positive;2024698;"amanha vou ver com as minhas amigas qual nike e mais bonito; ADOOORO"
positive;216322;vo toma um banho ali fechadao no 13 porque eu so pika! hahaha
positive;698449;Ri mt com @user ontem qd Walesca respondeu q o vice-presidente atual é o Sérgio Cabral!  kkkkkkkkkkkkk
positive;771208;"E um ""agradecimento"" especial a divisão de games da Sony por continuar investindo naquela série de jogos dispensável e super estimada."
positive;887892;"MEU IRMÃO VAI ME DAR 2 NIKE SHOKS HOJE      &gt;&lt;"
negative;393186;"Eita @user cada dia que passa; baixa mais o nível dos RT seus hein ? Tá pensando em retuitar Paris Hilton tb ?"
positive;275958;"OOI Fanaticos por LS *_* queria recomendar um #Tumblr ; eu ri muito com o seu primeiro #POST ;você vai rir lagirmas ;~http  #RT"
positive;1297957;"resolvi baixar o Microsoft Security Essentials; mas o melhor GRATUITO é o Avast"
negative;1172935;"#Marcelo Adidas compra um carregador de celular que custa R$2;00 coloca do meu lado e quem me garante que não vai explodir?! #tofora"
positive;475391;amores sigam meu twitter pessoal @user  2
negative;306202;Quase na hora de sair do trampo.... aai.. mas ainda tem a facul! Aff...
negative;288115;"aain; como eu queria ta em Caicó esse FDS =X"
positive;1290082;"POHA Véi; to aqui pagando pau pro Nintendo 3DS; muito show. Quero jogar o clássico Star Fox 64 nele."
positive;254063;"Achou que eu viria num Audi ou num Sedan..?? Chegeui de Bermuda;Chinelo e uma Blusa de Lã!! (8)"
negative;718417;kkkk pior que é mesmo ontem fui durmir 3 e meia da manhã
positive;641259;"Caraca pense em uma aventura da poxa ;ir pra pendas de moto"
positive;1086661;"Eu quero ganhar o Nintendo Wii que o @user vai sortear dia 27/10    (20:00 hrs); RT e follow @user ~http  :P"
positive;781461;"Será que vai rolaaa dá gente fica será; será??? eu quero é tentar!!!(8) Vo pra ducha e depois facul!!!"
positive;1319037;"Tudo sobre as partidas de ontem pela Uefa Champions League; Uefa Europa League e Copa Audi !!!!!!!!!!!!!!!!!!!!!!!!!!!!! ~http "
negative;452690;AAAAA Eu quero ver a @user e n tem ngm p ir comigo. #xorey :'|
positive;712445;Boa tarde @user @user @user @user @user @user @user @user @user @user
negative;674350;A procura da vontade de estudar...num frio de 4 graus...vixiii
positive;883829;Acabei de chegar do ctk ganhei dois trofeis !!! To esausto
positive;724742;"oi; tudo bem?"
positive;2377470;Sonhei que o Fulgore estava tentando invadir a minha casa... Super Nintendo é pra sempre
negative;2551551;QUEM USA BING ? QUEM ? ¬¬
positive;1543625;#Sorteio - Quero ganhar 2 Nintendo Wii Black! Venha para o @user! ~http
negative;764413;huauahuahu quem tomou banho de canequinha ontem?? huahua e ainda tomei um preju virando meu pé.. na escuridão vagando pela rua!!
positive;359154;Boa tardee * *
positive;593125;"Amanhã vou no clube e @user vai estar na academia ; então ela vai ficar comigo conversando pela portinha laranja ashuashuash o/"
negative;977555;porque eu nunca consegui capturar o trio regis no Pokemon Emerald? Será porque não tenho os tickets da Nintendo ou é falta de sorte mesmo?
negative;1053412;Comprei um Adidas star totalmente branco . . :)   com  o tempo ele fica preto  . . cinza quem sabe até marrom x]   óóó . .
negative;184481;que se foda a microsoft brasil! haha #MSBR
positive;649047;to no cel com meu amorzinho *-*
negative;190424;"Bate a bunda no chão;rala a bunda no chão; chão chão chão (8 to com essa musica na cabeça"
positive;544882;Leandro Damião jogando muiiiiito
positive;496241;Hoje é meu aniversário. Aceito doações: Desde o Máfia II (ps3) a uma Sony Handycam HDR-XR150!
positive;2399879;@mestreandroid: Xperia X10 Android 2.3 – Sony Ericsson está liberando a Atualização ~http  #android Deus te ouça!
positive;617752;ei pessoal que tem orkut add a comunidade sony sai de casa #GameFutebol Ei  faz isso ai add essa comunidade por favorrrrrrrrrrr
positive;2539861;OHHHH mim quer RT : @user Nike lança tênis futurista de 'De volta para o futuro 2'. ~http
positive;799178;Passeio hoje as 8horas CINEMA UHUUU SHOPPING TOTAL
negative;1428736;"Você não terá outra chance; a vida não é um jogo de  Nintendo . #Verdade!"
negative;1455683;PQP n to achando meu tenis da adidas preto! to achando q comerao ele so pode pra ter sumido -.-
positive;163775;Oi pessoas aki é a titia @user mais conhecida como @user bom dia amores
positive;619487;Hevo 84 os futuros reis do rock' :D (@bestricardo live on ~http )
negative;2615046;Nussss Paris Hilton me mandou um tt em ingles... nao entendo nada!!!!!!!! kkkkkkkkk
negative;223789;"O que antes me fazia levantar da cama; hoje me faz querer permanecer nela. ~http "
positive;358021;ele thá se declarandoo ..s2
negative;2561157;Falha impede que milhões acessem contas de serviços da Microsoft ~http  #ApocalipseNow
negative;230198;"o @user demora mil anos pra tomar banho e se arrumar; e sempre se atrasa u.u'"
negative;2473003;"Se a Nintendo não inovar na internet; continuará sendo uma escolha segundaria dos hardcores. né? ( #uoljogos live at ~http )"
negative;83306;"O time do Flamengo é mara ;kk ja demora pra fazer o gol e quando faz ta impedido kkk"
positive;1319020;"Tudo sobre os jogos desta quarta-feira pela Uefa Champions League; Supercopa da França e Copa Audi !!!!! ~http"
negative;1712186;"Tudo que eu quero é caro viu !!!!(Iphone; Ipad ; Nintendo Wii ......) Quero ver oq eu vou ganhar !!!!"
positive;166287;A vida vai trazer quem eu mereçoo (yn
positive;598551;"Ideologia; eu quero uma pra viver... Cazuza; completaria hoje 53 anos de vida."
negative;175637;Minha hora de ir embora passou tem 23mim.
positive;1316718;"Comprei um note  novo hoje; samsung boladão hsuahasuhasuas"
negative;180741;"resultado; um juba mto pior que a da #hermione no HP 1 ¬¬ e muito; muuuuuitos bolos e nos -.- #NaoSeiSerMulherzinha"
positive;15372;"Boa Noite gente ;"
negative;872630;orra hj fui compra umas camiseta da nike mais ñ achei nenhuma massa acho q amanha ou dpois vo no shoping omar la tem umas coisa mais gringa
positive;322334;"agora sim; to com o tao esperado monitor de 32..."
negative;702524;"kkkkkk ;  mo dó da porcada !"
positive;1276781;"dps de 24hs em frente ao hilton ..consegui autografos*---*..pena q nao o da amy..+ valeew  foi lindo o show do evanescence *----*"""
positive;760355;"grana no meu bolso; nike no meu pé; carros luxuosos na mansão..."
positive;752070;vou pra aulinha agora e depois academia...  bjusssssss...
positive;847430;Que tal em até 3 dias você conseguir 50000 seguidores no Twitter? Veja mais em: ~http
negative;604413;"eu não sou bruta; só não gosto de dizer as coisas eufemisticamente.. kkk"
positive;459456;estou no twitter pelo nintendo dsi pq acabo a energia aki em casa  MAIS JA VOLTO E Q O PC E UM POUCO LERDO P/ LIGAR
positive;177832;"Pow ; vc ta me deixando mal acostumada ..."
positive;1155359;"Sigo @user; retuito e concorro a 2 lindas mochilas Microsoft office. ~http  . Sorteio chegando."
negative;2397648;2 curiosidades inúteis sobre games: A tradução de Nintendo é “Deixe a sorte para o céu”. Capcom é a redução de “Capsule Computers
positive;670649;menino agita um pouco.. baixa Ready Or Not - Cascada . .. juro que vc vai gostar :D (@zecsinho live on ~http )
positive;839431;Boa Noite Loira  @user  !!
negative;311529;"Solidão no msn de novo ;;"
negative;1103766;"ja q nao conseguem mesmo parar de fumar pelo menos a chanel; Gucci e outrs poderiam inventar um aroma para cigarro...pq o cheiro é dureza"
positive;596586;Senhor...=)
positive;2219263;Corridinha de sabado? @user estamos inscritos num projeto da Nike (coisa boa) jaja recebo os horarios e te passo lol
positive;391709;Estreiando os óculos vermelhos! xD~
negative;1186620;Eu preferia estar em casa encarando os desafios a mim encubidos pela Sony #PS3
negative;1229561;Entenda o que a Sony fez comigo: ~http
positive;1124585;ai uns pulicia foi na minha escola da palestra e sabe cmo  tava vestido o vilao da historia deles ? kkk calça da cyclone gascan e nike kkkk
negative;57639;Até Agora Nenhuma Surpresa na Conferencia da Microsoft #e3
positive;871296;YYYYYYYYYYYYYYYYYYYYYYYYYYYYYYYEEEEEEEEAH PORRADA NO #INSENSATOCORAÇAO!
positive;90300;Sepá vou comprar um Nike 6.0
negative;2525425;"Tenho a impressão que na Microsoft tem 27.458 profissionais ""arrumando"" o Windows 7 e uns 3 stags arrumando o resto: Bing; WP7; IE's... =P"
positive;2409213;Comprei um cartão de 1500 Microsoft Points hoje! Depois vou gastar 1200 comprando o Section 8: Prejudice pro meu #XBOX360 !! =D
negative;428815;"quero ir embora POR FAVOR; ME AJUDEM. NAO AGUENTO MAIS FICAR AO LADO DOS MEUS TIOS; QUE MERDA"
positive;1318079;Me deu uma vontade de jogar SUPER NINTENDO =)
positive;418806;Use também o #MaisFollowers e ganhe MUITOS seguidores rápido: ~http
positive;264558;"claro @user  ; vc é minha japinha ."
positive;447733;"Pensando sériamente em arrumar um Nintendo 64 denovo; pra relembrar a infancia; rs. Quem pode me ajudar com isso?"
positive;821713;Assistindo o filme Rio e comendo uva passa...
positive;645723;"Caralho; quase chorei quando o cara fez o mario funcionar de novo no meu nintendo 64. Momento mais emocionante desse ano!"
positive;473636;Feriadao em Uberlandia e o Agentto a todo vapor.... LoL (@ Invit Negócios Inovadores) ~http 
positive;307230;Bjus atee mais tardee!
positive;1419313;"Muito bom kkkk RT @user Nao adianta você usar um Nike caro; se a sua alma é d conguinha..."
positive;299603;Nuus ainda vo coomer + fazeer a unhaa + festinha *---*
positive;617831;"Úh Papai chegou ♪ !Úh Papai chegou ♪ !""Úh Papai chegou ♪ !""Úh Papai chegou ♪ !""Úh Papai chegou ♪ !"
negative;133371;Paris Hilton é presa por fumar maconha em jogo do Brasil??? #putafaltadesacanagem
negative;754473;Que loucura é essaaaaa?????? Juiz FDP
positive;1278065;"Huhu; ganhei um curso no #CSBC de Visual Studio 2008 e ASP.NET; da Microsoft (lado negro da força); realizado pelo SENAC."
negative;827447;"estou jogando Nintendo 64 com a @user e estamos tentando zerar Mario; mas tá difícil :/ Adeus!"
positive;564583;"guarde o que foi bom; jogue fora o que restou."
negative;71787;"quem disse que consigo descansar ; pelo menos um pouco???"
negative;481802;daqui a poco vou sair do curso e minha tia quer q eu va la na feira :////// eu ñ to afim de ir
positive;372791;"Photo: › A vida é uma parede branca; pinte como quiser . ~http "
negative;179567;"Photo: › As pessoas dizem que a aparência não importa. Mas; duvido que elas olhem realmente só o coração. ~http "
positive;756924;Saindo do computer para virar nerd e ter uma carreira escolar bem sucedida... HAHA té parece
negative;350363;"Mãe; por que a senhora sempre vê programas de culinária se nunca faz as receitas? Pelo mesmo motivo que você vê pornô e não come ninguém!"
negative;764541;Taquicardia.... =[
positive;541836;Não é tolo aquele que abre mão do que não pode reter para ganhar o que não pode perder (JIM. E.)
negative;463561;ta tão frio que to abrindo a geladeira pra usar como aquecedor
negative;853948;"Hoje vai ser um dia BEM tenso pra mim; mas depois de 12:20 é sóóó dormir.."
positive;475319;"Hooje comprei 3 caixas de Bombom; porque será neeh ??!?"
negative;261080;"boom; vou tomar banhoo e da um jeitoo no belo que ta pequenininho :'( pooq eu fui cortar enn?"
positive;1817388;"Caraca.. orkut; twitter; ebuddy+ MSN +FaceBook e mais um monte dieh coisah no meu celular.. perfeito meu touch screen SAMSUNG Star Lite ;)!!"
negative;678360;"E se não quiser ver; então não veja. Sou nem obrigada."
negative;677975;vi o @user .. e o que eu fiz? saí correndo e dei um abraço nele :O aí fiquei envergonhado. é. HAUEHAUHAUE
negative;2399712;"Ações da Sony reagem após previsões; outros sites são invadidos  ~http  #terramobile"
positive;2336675;"psp2 anunciado; ontem li na revista xbox360 que poderemos ter anuncio do novo video game da microsoft ainda na E3 desse ano!!"
negative;447073;instalei meu nintendo 64... mas a tela fica toda chuviscada e o barulho cheio de ruido... nem da pra jogar :/ mimimimi
positive;137899;Minha mãe falo que não volta antes das 2da manha #ADOOORO
positive;555734;"Cheguei do treino! hoje foi irado. E o Renan Furou comigo;fdp. --'"
positive;738878;"É mesmo @user ; Teatro #MUVUCA tinha que ter todos os dias ; não só sábado... Sábado é o melhor dia da minha semana :D"
positive;184634;Vou pra lá !
positive;790563;Máquinas da Sorte – Nintendo | Garotas Nerds ~http  via @user
positive;2113676;"ChatON; um verdadeiro serviço global de comunicação móvel ! ~http  a Samsung apavorou ( @user  )"
positive;653071;Genteeeeee faltam apenas 44 seguidores para eu chegar nos 2mil hihi ajudemmmmm bjks
positive;85960;"quer me entender ? escuta Três palavras - Maria Cecilia e Rodolfo ;D a musica perf pra min '-.- :@"
positive;335021;Quero jogar no Nintendo Wii!
positive;772224;PEGASUS RYU SEI KEN !!! RT @user Comprado Nike Air Pegasus +27! Sem dores dessa vez!
positive;28713;Ronaldo já era... se aposentou o melhor jogador dos ultimos tempos!!!
negative;813072;Luciano vce e muito sonso kkkkkkkkkkkkkkk @user
positive;1086663;"Eu quero ganhar o Nintendo Wii que       o @user vai sortear dia 27/10 (20:00 hrs); RT e follow @user ~http  :P"
positive;828498;a amizade eh tudo .!! falsidadee morre aki .!!!
negative;230532;me deu uma saudade da minha #irmã hoje :(
positive;855576;"...transforma o meu deserto em um jardim secreto;lugar de intimidade contigo;Tu és tudo o que eu preciso ♪"
negative;298703;"CSI dublado no Canal Sony ficou estranho. Prefiro a dublagem que passa na Record; os dubladores deixaram mais natural..."
negative;741649;"Sol com muitas nuvens durante o dia. Períodos de nublado; com chuva a qualquer hora. não gostei"
positive;45674;mais ta bom sexta ou sábado eu colo na grade *-*
positive;112960;Eu quero um poster de Corazon Gitano do #MF continuação @user @user @user 515
negative;821406;E hoje a tarde... Uruguai!  ^^    -França nao me traz boas lembranças
positive;507003;Jogo muito foda mais deu 10x9 de virada mano :3 kkk
negative;1236050;O sony vegas 10 realmente é uma vadia!
positive;44358;"Boooommm  diaa pra  quem   não  tá  de ressaca ;x"
positive;390553;Boa Noite Galera!!!!  AMANHA TEM AULA!!!!  Qm vai levantar as 5:45am   \o/
positive;1906348;Inteeeeeeeeeeeer terceiro lugar na copa audi #TeAmoInter
positive;728184;Caííque nogueiiiira   perfeito dmsss dlçinha sdçaum iudhfig
positive;1511243;Pra felicidade dos gammers: a Microsoft anunciou que vai fabricar o Xbox 360 no Brasil. Preços bem mais baixos em breve o/
positive;2044792;"eu to no computador; o meu primo na no play 3 e o meu outro primo ta no nintendo I kkkk"
positive;1128322;"Hoje tive o prazer de conhecer o @user aqui no Audi DTCC; grande piloto e exelente pessoa."
positive;344270;agorá só há 90 minutos do título ! (yn'
positive;1095933;"é só camisa da ecko ; calça da oakley e tênis da adidas ; parece shopping center ♫♪ ' hahaha"
positive;1319032;"Tudo sobre as partidas de ontem pela Uefa Champions League; Uefa Europa League e Copa Audi !!!!!!!!!!!!!!!!!!!!!!!! ~http"
positive;420247;Esse mlk temfuturo pena que saiu do timão qdo a pessoa é predestinada n tem jeito olhem na pag principal do site da nike ~http 
negative;661906;"Dizem que o orkut é uma porcaria; e que o Facebook é melhor... cara ñ tô nem ai eu uso os dois kkk......."
positive;410392;"Nem amanhã nem segunda nem terça eu voo te aula; ebaa! =)"
positive;205803;uuuh tá passando chaves EP(Episódio Perdido) é eu gosto e daí?!
negative;769786;Fato: Sharepoint da Microsoft e Fast 2010 nao fazem busca semantica !!!! Como resolver isso ? Veja em:  ~http
positive;1700491;Preciso comprar uma Sony Handycam. Acho que essa daria pro gasto. ~http  #sonyhandycam
positive;751466;Imagine se eu acho essa jacosa da Adidas pra vender. *O*
negative;829024;"aAH Caralho Napoli podera ser Adidas &gt;&lt; Inveja ¬¬''"
positive;2342510;Ganhei um nintendo wii iláá
positive;29499;"Se ele te amar; ele vai ficar."
positive;464672;saindo aqui pra quem fica BOA NOITE :DD
negative;2058308;Paris Hilton se irrita com repórter e deixa entrevista
positive;646045;"Hoje tem #Haven no @user! Vcs não vão perder; vão?? Às 22h!"
negative;1995684;"O Conar alegar q ""Devassa"" abusa do apelo sensual com a imagem da Paris Hilton é medo de perder espaço no mercado brasileiro."
positive;2250018;"Bom; segunda-feira não vou sair tirar do canal Sony a partir das 20:00 só para ver o #BieberNoCSI *---*"
negative;616115;"Aqui na Câmara; evoluímos na discussão da Ref. Tributária. Hoje; ouvimos representantes da indústria e do comércio sobre a competitividade."
negative;750715;"Quem elege os governantes não é quem lê jornal; é quem limpa a bunda com ele... e o que eu achoo..kkkkkkkkkkkk"
positive;987862;"Ganhei a mochila da NBA e a Bola de basket da adidas ;D  Mas como mané; segunda reuniao; pra sexta ir de aviao pra SP  \o/ Aí Vai Ser Pika'h"
positive;874992;O conteúdo dos palestrantes da Microsoft foram bacanas pakas
negative;2001572;"A tia baixou um XP pirata; fez o upgrade; deu treta; e ela liga pra Microsoft boladona: ~http"
positive;302205;ooi pessoas :)
negative;33610;“Qual a diferença entre homens e porcos? Porcos não viram homens quando bebem.”
negative;1229542;Novidade: acabei de devolver o dinheiro recebido de meu cunhado que me devolveu o MP3 SONY mais uma vez quebrado. Assitência lá vamos nós.
positive;427174;#spoilerday quem ganha o #wololoday é o lado azul!
positive;738544;"♪♪ Eu era feiaaa; mas hoje eu fiz chapinhaaa... ♪♪"
positive;208250;Academia Bola de Ferro no caldeirão do huck. Q FODA!
negative;157196;"vo deixa vcs com esse linda @user; que minha mãee ta mandando eu ir almoçar =/ jájá eu volto!!"
negative;656854;"Cabem na minha! RT @user Não sei se adiantaria ganhar os R$ 4;7 mi da Megasena. É q acho que nem caberia na minha conta bancária."
negative;77734;--' pouca gente no meu msn hoje! só tenho 45 ON
positive;2049369;"Atari ll; Mega Drive... agora tenho 2 Xbox Só andava de Kichute; me oferecem Nike Shox #conecrewdiretoria"
negative;797164;"Essa greve já ta dando agonia já; se eu ficasse em Sp seria mtoo melhor"
positive;280001;Não tão melhor quanto a Emily Osment.......+ canta bem
positive;185246;Hoje eu vi: (07:07) - Gosta de ti quem tu amas.  e  (19:19) - Terás uma surpresa. TOMARAAAA!
positive;657250;"na boa; tem banda melhor q @user nesse mundo??? nem de longe!!"
positive;2472992;Surpresa!!!! @user sabiam disto? RT @user Nintendo no Festival do Japão. No centro de exposições Imigrantes. ~http 
positive;1439643;jaja jogo do verdaum x flamengo. camarote adidas outro nivel....b huahausuhaus
positive;152133;"UHU; quero setembro! Vai ocorrer o evento da Microsoft e ela vai anunciar mais informações sobre o Windows 8. ÇÇ"
positive;391776;#Hoje faz um ano que passou um dos dias mas felizes da minha vida! =/
negative;439821;"éeh.. pelo que tãao comentando; a quadrilha do 3º tah ficando mto lecaal '-' vale a pena ir lá amanha hein povoo *-* #FestaJulinaEffieRolfs"
positive;1732238;"Recebi; agora; um presentinho do @user irado demais: um boné aba reta da nike 6.0... valeu mesmo"
positive;127985;"#bruno acabou de me ligar ROCK DO LADO DO COC; MULHERES DE GRAÇA ; ALGUEM QUER IR CMG ? ;999'"
negative;802453;"“Ignore; não ligue; não responda. Se te criticam é porque você é alguém.”"
positive;892017;"Siigo e Indicoo minha amiga &gt;&gt; @user @user @user @user @user @user SEGUE EELA =)"
positive;132307;Nossa to lembrando do que a @user disse hojee. kkk' to rindo sozinha aquii AHSUAHSUAHSHUS'
positive;496508;Gente ! Sou ADM da @user ! Seguem lá =D
negative;210336;"Muitos criticam a Suzana Vieira não pelo que ela faz; é por que ela é chata mesmo. uahuahuah"
positive;425536;"Porto Alegre; Porto Alegre; eu estou em Porto Alegre... Porto Alegre é um estado de espirito..."
negative;836132;Eu queria ser uma pessoa #melhor : /
positive;796026;quem quer vir aqui pra cas ajogar nintendo ? :B
negative;1878623;"affe todo mundo tem um nike preto com o logo rosa; nem vo comprar mais. :///"
positive;244804;Oh minha linda @user quando vou te vê de novo? Será que vai ser só do 2012? #Querominhasaulasdevoltaaaaaaa !
negative;556248;"tenho que ter cuidado com minha boca... eu disse ""Quero mais que a nintendo se exploda"" no dia seguinte caiu um Tsunami no Japão HAHAHAHA"
positive;414667;"..o trivial é saber se realmente 'aquele' era mesmo o caminho certo...pois bem; aprenda a confiar; tenha fé e busque sempre pelo bem..."
positive;504177;acho que vou pegar um pedaço de bolo um copo de leite gelado e ver o jogo do meu Palmeiras !!
negative;1612786;"E posa de Barbie versão Paris Hilton made 25 de Março evangelizadora??Ah; faça-me o favor!! Quem nasceu patuá n vira Tiffany!! E tenho dito!"
positive;53583;Amooor eu não consigo te esquecer me bate uma vontade de te veeer♫! Ooh paixãaao viu .. boa tarde amoores
positive;38198;Bom dia galerinha do twiitter
positive;154300;"boa noite para todos; e se cobrem :*"
negative;2313407;"Na verdade; eu uso; mas não é por quererRT @user  A Sony vai deixar de fabricar disquetes em 2011. Mas alguém AINDA usa disquete?!"
positive;496213;e ontem zerei o AC: Brotherhood (pelo menos a história principal). joguinho bom. agora falta as 3218 coisas secundárias a fazer
negative;384487;"ooo @user ; bom esquecer dagente né;/ iauhsiaus"
negative;1403099;"Highlights; tomar bronca na Holanda; assistir Paris Hilton perdendo a linha na Sardenhas; ver Miuccia Prada num club"
negative;565118;Como a Microsoft se deixou ser hackeada? #facepalm
positive;912089;Audi A1 chip novo aumenta a potência: Audi A1 chip novo aumenta a potência ~http
positive;384624;#Saindo'  Assistir o Jogo Do Flamengo !
positive;610324;Saindo aki galera... Bjs pras Gatas e Abraço pros Meninos...
positive;610018;Minha insanidade proveio de você e com você acabou
negative;433736;"Do jeito que a Nike tá indo ; agente vai ter que apelar pro bom e velho #Kichute ."
positive;121522;tchau pra vocês ! ate mais tarde :D
positive;2547671;meu pai eh lindoo me deu um nike shox de presente hoje sz
positive;459190;Kiko aqui em casa o/
positive;521829;"é hj a final !!!!!!!!!!!!!! to mt ansiosoo ; vo ficar com mt saudade minha vida é o BBB!!"
positive;2409260;É bom e talz..é da Sony Ericsson..Mas o meu Nokia é bem melhor! \o/
positive;451636;Boa noite galeraa !!
positive;142098;tenham todos um otimo domingo e um bom dia a todos
negative;2592328;"Em todas as fotos que eu vejo; Paris Hilton tá SEMPRE com a mesma cara"
positive;341201;Jogando mario que saudade de jogar nintendo haha
negative;875956;"pqp; esperei o sony vegas baixar --' ; e quando é agora da erro; tem que se registrar --' ; algem sabe? --'"
positive;2272083;"GoldenEye 007 do Nintendo 64 pra computador; estilo HalfLife? AÍ SIM! ~http"
positive;680645;"Viiiiiixe; pega aquela então felipão HAHAHAHA!"
negative;627771;Nossa trollei uma guria no random e descobri que o top model @user conhece ela! hahahaha
positive;95714;"daschagas;depois dessa boa noite"
positive;424650;FarCry 3 parece está bem legal.Vamo esperar a conferência da sony e sua enxorrada de exclusivos.
negative;617751;assumiu finalmente sony é viado sony é viado mais eu sabia desde o principio #GameFutebol
positive;912128;Audi A1 Sedan seria um Polo de luxo: Audi A1 Sedan seria um Polo de luxo ~http
positive;208759;"-Boa noite galera... to indo Dormir... ate amanhã... bjos... ;*"
negative;84292;"Eh estranho ver a Carolina Ferraz nessa novela dazonze...eu sinto q a qq momento ela vai gritar: ""Eu sou Ricaaaaaaa""  kkkkk.caradela#mtphyna"
positive;330402;boa noite *---*
negative;41368;"Bola murcha; que em busca do seu audi acaba renegando o seu passado de fusca."
negative;1162700;Nossa ja viu todas as temporadas ? O.O em menos de uma semana .. RT @user ='( acabou de the bing bang theory
positive;781532;Nada melhor do que emagrecer brincando! RT + Follow para concorrer a um Nintendo Wii! Use a tag #WIIGIMBA ~http 
positive;2424472;Ô Ô a camera voltou! Quer concorrer a 1 Camera Digital Samsung ES65? É só seguir @user ~http  Sorteio já depois de Amanhã.
positive;388635;Deus sabe de todas as coisas
positive;1121077;COMPRAR UM NIKE HOJE. (YN)
positive;64757;Quer concorrer a 2 Nintendo Wii? Venha para o @user! ~http  Vamos lá Galera!
negative;834335;"''Cara eu não estava bêbado"" ""Cara você; pegou um Cone de trânsito botou na cabeça e começou a falar:... ~http "
negative;511410;"amanha tem prova de filosofia e eu nem estudei nada hauhauah ; peciso tira 2"
negative;825528;ain amanha levantar pra ir pra fazendaa a neeim acho paLHA!! ¬¬' rsrs
positive;2336528;Aprendi um efeito novo no sony vegas :D
negative;232859;to fazendo um trabalho de geografia !!  to sem vontade mais tenho q faze !!
negative;2473004;... porém a Nintendo está LONGE na parte de internet e conquistas. o 3DS é uma prova viva disso! ( #uoljogos live at ~http )
positive;1581770;"Home Theater da Sony reduzido a um óculos de realidade virtual; para assistir filmes e jogar videogames! ~http  Sensacional!"
positive;2022006;Saindo amorees. TUDOO preparado para o show de hj a noite. CARTA-METRO (kilometro) .OK! | Nike lavado. OK! | CAMISETA DO FCO. OK! |
negative;830941;#MistureiActiviaCom twitter agora quando cago todo mundo fica sabendo !!!
positive;46724;"Meu orkut é todo rosa; pois é; dizem que sou foda♫"
positive;290715;impossível Mas não me importa Não me envergonho dos meus sentimentos +
